Dimension,Group,Participants,Cavity cases,Prevalence,PR-AUC,PR-AUC skill,ROC-AUC,Recall,Specificity,Precision,NPV,False-negative rate,False-positive rate,Share flagged,Brier score,Brier skill,Mean predicted probability,Calibration gap,True negatives,False positives,False negatives,True positives
Age group,1–11,658,88,0.1337386018237082,0.3139721824593317,0.20805911589164955,0.7759469696969699,0.7159090909090909,0.6491228070175439,0.23954372623574144,0.9367088607594937,0.2840909090909091,0.3508771929824561,0.39969604863221886,0.10328766469379952,0.10845613125027476,0.13325048431331205,-0.00048811751039615214,370,200,25,63
Age group,12–17,294,30,0.10204081632653061,0.3006568264553921,0.22118601127986848,0.6928030303030303,0.6333333333333333,0.6893939393939394,0.18811881188118812,0.9430051813471503,0.36666666666666664,0.3106060606060606,0.3435374149659864,0.08511028532559016,0.07113729515117284,0.1254141999727998,0.023373383646269175,182,82,11,19
Age group,18–34,474,111,0.23417721518987342,0.5132234305329251,0.36437439689423273,0.7398927853473308,0.8648648648648649,0.39944903581267216,0.3057324840764331,0.90625,0.13513513513513514,0.6005509641873278,0.6624472573839663,0.1509882235403056,0.1580813016617848,0.23230294080267527,-0.0018742743871981438,145,218,15,96
Age group,35–49,369,99,0.2682926829268293,0.5504059930114686,0.3855548571156738,0.7908716797605687,0.9191919191919192,0.3888888888888889,0.35546875,0.9292035398230089,0.08080808080808081,0.6111111111111112,0.6937669376693767,0.15478813436537783,0.2115186246418178,0.2633931727375215,-0.0048995101893077875,105,165,8,91
Age group,50–64,449,103,0.22939866369710468,0.45184472276277243,0.28866555063723937,0.7330097087378642,0.8155339805825242,0.4797687861271676,0.3181818181818182,0.8972972972972973,0.18446601941747573,0.5202312138728323,0.5879732739420935,0.1567106150941183,0.11350197223218639,0.20011756507723416,-0.02928109861987052,166,180,19,84
Age group,65+,399,53,0.13283208020050125,0.3787959914928446,0.2836404641781647,0.8172374304722434,0.8113207547169812,0.661849710982659,0.26875,0.9581589958158996,0.18867924528301888,0.33815028901734107,0.40100250626566414,0.09655057443876508,0.16179801498386737,0.14633777548068663,0.013505695280185387,229,117,10,43
Sex,Female,1342,230,0.17138599105812222,0.4387248179075795,0.3226337280863055,0.7865538004379105,0.808695652173913,0.591726618705036,0.290625,0.9373219373219374,0.19130434782608696,0.40827338129496404,0.47690014903129657,0.11826782116811689,0.16720328322561595,0.16990086632533477,-0.0014851247327874462,658,454,44,186
Sex,Male,1301,254,0.19523443504996157,0.46173569321401026,0.33115390341110534,0.7660826959667291,0.8267716535433071,0.5148042024832856,0.2924791086350975,0.9245283018867925,0.1732283464566929,0.48519579751671443,0.5518831667947732,0.13208476261636157,0.15932735716890323,0.19376546093670166,-0.0014689741132599132,539,508,44,210
Race/ethnicity,Mexican American,349,56,0.16045845272206305,0.3374246823947165,0.21078912681145412,0.7116345685031692,0.7678571428571429,0.5085324232081911,0.22994652406417113,0.9197530864197531,0.23214285714285715,0.49146757679180886,0.5358166189111748,0.12438593934348349,0.07664969539397659,0.18731867238731903,0.02686021966525598,149,144,13,43
Race/ethnicity,Other Hispanic,238,39,0.1638655462184874,0.308042694415741,0.1724329712107857,0.6886354851178972,0.717948717948718,0.5175879396984925,0.22580645161290322,0.9035087719298246,0.28205128205128205,0.4824120603015075,0.5210084033613446,0.13084581911556148,0.04501603169928303,0.17854118708778316,0.014675640869295764,103,96,11,28
Race/ethnicity,Non-Hispanic White,903,142,0.15725359911406422,0.5526726019616887,0.4692028378073651,0.8475412263330311,0.8309859154929577,0.6754270696452037,0.3232876712328767,0.9553903345724907,0.16901408450704225,0.32457293035479634,0.40420819490586934,0.09885998613887154,0.25402711001544387,0.1552928352272653,-0.0019607638867989163,514,247,24,118
Race/ethnicity,Non-Hispanic Black,693,178,0.25685425685425683,0.5010927552604296,0.3286549114475296,0.7617377549907277,0.9269662921348315,0.36699029126213595,0.3360488798370672,0.9356435643564357,0.07303370786516854,0.6330097087378641,0.7085137085137085,0.161856918165152,0.152049491743252,0.2360591337939543,-0.02079512306030254,189,326,13,165
Race/ethnicity,Non-Hispanic Asian,294,47,0.1598639455782313,0.33355661807471143,0.2067435049148387,0.6314066672409337,0.46808510638297873,0.7004048582995951,0.22916666666666666,0.8737373737373737,0.5319148936170213,0.29959514170040485,0.32653061224489793,0.12890118661289449,0.04025299628976242,0.119438739582964,-0.040425205995267305,173,74,25,22
Race/ethnicity,Other or multiracial,166,22,0.13253012048192772,0.4145947276946198,0.32515781109240893,0.8112373737373737,0.9090909090909091,0.4791666666666667,0.21052631578947367,0.971830985915493,0.09090909090909091,0.5208333333333334,0.572289156626506,0.10042972141613002,0.12643895096500046,0.20057475138770525,0.06804463090577753,69,75,2,20
Income group,Below poverty (<1.00),548,146,0.2664233576642336,0.53839839892355,0.37075204629379455,0.7493355142097731,0.8972602739726028,0.32587064676616917,0.32587064676616917,0.8972602739726028,0.10273972602739725,0.6741293532338308,0.7335766423357665,0.1641577549610921,0.1600689966974067,0.24930760821760087,-0.017115749446632716,131,271,15,131
Income group,Near poverty (1.00–1.99),625,137,0.2192,0.4595357622593843,0.30780707256580986,0.749326911571138,0.8540145985401459,0.45901639344262296,0.30708661417322836,0.9180327868852459,0.145985401459854,0.5409836065573771,0.6096,0.14729404252809492,0.1393930931773203,0.21070189706101433,-0.008498102938985674,224,264,20,117
Income group,Middle income (2.00–3.99),598,88,0.14715719063545152,0.4238551036494074,0.32444186663205027,0.7819741532976827,0.7840909090909091,0.6058823529411764,0.25555555555555554,0.9420731707317073,0.2159090909090909,0.3941176470588235,0.451505016722408,0.10520579977907553,0.16171981229508636,0.15874752262774597,0.01159033199229445,309,201,19,69
Income group,Higher income (4.00+),537,42,0.0782122905027933,0.1697174969183735,0.09926928453569006,0.7324675324675325,0.38095238095238093,0.8404040404040404,0.16842105263157894,0.9411764705882353,0.6190476190476191,0.1595959595959596,0.17690875232774675,0.06999480299250452,0.029132691479291206,0.08208769427204415,0.003875403769250857,416,79,26,16
Income group,Income not reported,335,71,0.21194029850746268,0.4470430691043138,0.2983311672346406,0.7596297481860862,0.8873239436619719,0.4431818181818182,0.3,0.936,0.11267605633802817,0.5568181818181818,0.6268656716417911,0.143403547456416,0.1414072176004969,0.2172371998966839,0.005296901389221231,117,147,8,63
