Dimension,Group,Metric,Estimate,Lower 95%,Upper 95%,Valid resamples
Age group,1–11,Prevalence,0.1337386018237082,0.10805751400424957,0.1608086746035666,2000
Age group,1–11,PR-AUC,0.3139721824593317,0.24570468827635444,0.4185256460164774,2000
Age group,1–11,PR-AUC skill,0.20805911589164955,0.1406380259427252,0.3199295914222995,2000
Age group,1–11,ROC-AUC,0.7759469696969699,0.7263526258060313,0.8247032816680467,2000
Age group,1–11,Recall,0.7159090909090909,0.6145596590909091,0.8125,2000
Age group,1–11,Specificity,0.6491228070175439,0.6096644335327912,0.6873947538860103,2000
Age group,1–11,Precision,0.23954372623574144,0.18840044922188354,0.29503667426986885,2000
Age group,1–11,NPV,0.9367088607594937,0.9107142857142857,0.9604666462668298,2000
Age group,1–11,False-negative rate,0.2840909090909091,0.1875,0.3854403409090908,2000
Age group,1–11,False-positive rate,0.3508771929824561,0.31260524611398965,0.3903355664672087,2000
Age group,1–11,Share flagged,0.39969604863221886,0.3632120655984033,0.4392814537431745,2000
Age group,1–11,Brier score,0.10328766469379952,0.08725317631799938,0.12030084224934677,2000
Age group,1–11,Brier skill,0.10845613125027476,0.05556349909910969,0.1573675857291414,2000
Age group,1–11,Mean predicted probability,0.13325048431331205,0.12542378334416865,0.1414091098172841,2000
Age group,1–11,Calibration gap,-0.00048811751039615214,-0.025612593554209997,0.023359545482577918,2000
Age group,12–17,Prevalence,0.10204081632653061,0.06785562953995157,0.13768436011676138,2000
Age group,12–17,PR-AUC,0.3006568264553921,0.16557090549908643,0.47522024629668985,2000
Age group,12–17,PR-AUC skill,0.22118601127986848,0.08178738482838607,0.4106526688155631,2000
Age group,12–17,ROC-AUC,0.6928030303030303,0.5722491835994195,0.8017250113367861,2000
Age group,12–17,Recall,0.6333333333333333,0.4481800766283525,0.8095559845559844,2000
Age group,12–17,Specificity,0.6893939393939394,0.6325757575757576,0.7436826896823712,2000
Age group,12–17,Precision,0.18811881188118812,0.11427944862155388,0.2647208883553421,2000
Age group,12–17,NPV,0.9430051813471503,0.9096385542168675,0.9748743718592965,2000
Age group,12–17,False-negative rate,0.36666666666666664,0.19044401544401543,0.551819923371647,2000
Age group,12–17,False-positive rate,0.3106060606060606,0.25631731031762883,0.36742424242424243,2000
Age group,12–17,Share flagged,0.3435374149659864,0.2885838681232548,0.3986265712230709,2000
Age group,12–17,Brier score,0.08511028532559016,0.0622166082902567,0.10922252540771933,2000
Age group,12–17,Brier skill,0.07113729515117284,-0.03686207616058816,0.14987098859891881,2000
Age group,12–17,Mean predicted probability,0.1254141999727998,0.11586881512374475,0.1353712090598686,2000
Age group,12–17,Calibration gap,0.023373383646269175,-0.010580981576609144,0.05567527617363435,2000
Age group,18–34,Prevalence,0.23417721518987342,0.19582997311827957,0.27177666350453983,2000
Age group,18–34,PR-AUC,0.5132234305329251,0.42038159977363226,0.6140229118735292,2000
Age group,18–34,PR-AUC skill,0.36437439689423273,0.2582382832914804,0.48888728538467197,2000
Age group,18–34,ROC-AUC,0.7398927853473308,0.6837204758561901,0.7944060970511462,2000
Age group,18–34,Recall,0.8648648648648649,0.7983174848886924,0.9279297297297296,2000
Age group,18–34,Specificity,0.39944903581267216,0.3501256660299588,0.4476139654532971,2000
Age group,18–34,Precision,0.3057324840764331,0.2545958454418254,0.3569023569023569,2000
Age group,18–34,NPV,0.90625,0.8596302873748789,0.9503258011660252,2000
Age group,18–34,False-negative rate,0.13513513513513514,0.07207027027027027,0.20168251511130766,2000
Age group,18–34,False-positive rate,0.6005509641873278,0.5523860345467028,0.6498743339700411,2000
Age group,18–34,Share flagged,0.6624472573839663,0.620760885447107,0.7039374445430346,2000
Age group,18–34,Brier score,0.1509882235403056,0.13200202704897207,0.17121473629803283,2000
Age group,18–34,Brier skill,0.1580813016617848,0.08597269728923009,0.22097971667070965,2000
Age group,18–34,Mean predicted probability,0.23230294080267527,0.21805217276976477,0.24718334690083638,2000
Age group,18–34,Calibration gap,-0.0018742743871981438,-0.037798028923839815,0.034386782046406404,2000
Age group,35–49,Prevalence,0.2682926829268293,0.22371794427622144,0.31351881293057765,2000
Age group,35–49,PR-AUC,0.5504059930114686,0.4559601267865536,0.6619841112541474,2000
Age group,35–49,PR-AUC skill,0.3855548571156738,0.27739144975190355,0.5265489869705852,2000
Age group,35–49,ROC-AUC,0.7908716797605687,0.7368649696774697,0.8408032833904575,2000
Age group,35–49,Recall,0.9191919191919192,0.8607521342360906,0.9696969696969697,2000
Age group,35–49,Specificity,0.3888888888888889,0.32940940231514293,0.4476600105294825,2000
Age group,35–49,Precision,0.35546875,0.2971858143872561,0.41379711307137124,2000
Age group,35–49,NPV,0.9292035398230089,0.8771893874029335,0.9734571495109454,2000
Age group,35–49,False-negative rate,0.08080808080808081,0.030303030303030304,0.1392478657639093,2000
Age group,35–49,False-positive rate,0.6111111111111112,0.5523399894705174,0.670590597684857,2000
Age group,35–49,Share flagged,0.6937669376693767,0.6458227040816327,0.7413461956521737,2000
Age group,35–49,Brier score,0.15478813436537783,0.1343741182683617,0.17566951630810107,2000
Age group,35–49,Brier skill,0.2115186246418178,0.13247878935863502,0.2806469562606992,2000
Age group,35–49,Mean predicted probability,0.2633931727375215,0.24469445961373426,0.28281669192290393,2000
Age group,35–49,Calibration gap,-0.0048995101893077875,-0.045060873125309535,0.035015529633753,2000
Age group,50–64,Prevalence,0.22939866369710468,0.1920295622802855,0.26995368539530923,2000
Age group,50–64,PR-AUC,0.45184472276277243,0.36263322237823303,0.5487097962372206,2000
Age group,50–64,PR-AUC skill,0.28866555063723937,0.19029376791508903,0.40674512335313934,2000
Age group,50–64,ROC-AUC,0.7330097087378642,0.6768307167089906,0.7869606933102506,2000
Age group,50–64,Recall,0.8155339805825242,0.7352878330819508,0.8918918918918919,2000
Age group,50–64,Specificity,0.4797687861271676,0.4276733524355301,0.5294166021671827,2000
Age group,50–64,Precision,0.3181818181818182,0.2642857142857143,0.37591309478074747,2000
Age group,50–64,NPV,0.8972972972972973,0.8479500381388253,0.9408681214421253,2000
Age group,50–64,False-negative rate,0.18446601941747573,0.10810810810810811,0.2647121669180492,2000
Age group,50–64,False-positive rate,0.5202312138728323,0.47058339783281733,0.5723266475644698,2000
Age group,50–64,Share flagged,0.5879732739420935,0.5434250292594037,0.6344351821730644,2000
Age group,50–64,Brier score,0.1567106150941183,0.13634241551686685,0.1797644729736063,2000
Age group,50–64,Brier skill,0.11350197223218639,0.04375189987595859,0.17876931658530912,2000
Age group,50–64,Mean predicted probability,0.20011756507723416,0.18639284448218574,0.21495080362260482,2000
Age group,50–64,Calibration gap,-0.02928109861987052,-0.06688330342162725,0.005873218757089979,2000
Age group,65+,Prevalence,0.13283208020050125,0.10160427807486631,0.16621271668699916,2000
Age group,65+,PR-AUC,0.3787959914928446,0.2784001305438767,0.5247131690451754,2000
Age group,65+,PR-AUC skill,0.2836404641781647,0.18187380877178033,0.4380739473290282,2000
Age group,65+,ROC-AUC,0.8172374304722434,0.7540639700023847,0.8700420843733694,2000
Age group,65+,Recall,0.8113207547169812,0.6956521739130435,0.9111111111111111,2000
Age group,65+,Specificity,0.661849710982659,0.6109505453265008,0.7122517070142769,2000
Age group,65+,Precision,0.26875,0.20138290229885059,0.33338323353293386,2000
Age group,65+,NPV,0.9581589958158996,0.9310344827586207,0.9803997274585509,2000
Age group,65+,False-negative rate,0.18867924528301888,0.08888888888888889,0.30434782608695654,2000
Age group,65+,False-positive rate,0.33815028901734107,0.2877482929857232,0.38904945467349905,2000
Age group,65+,Share flagged,0.40100250626566414,0.35319854454297156,0.450254329766263,2000
Age group,65+,Brier score,0.09655057443876508,0.07918243058468769,0.11627755268281283,2000
Age group,65+,Brier skill,0.16179801498386737,0.06952694904673382,0.23384367575739062,2000
Age group,65+,Mean predicted probability,0.14633777548068663,0.1345053094563476,0.15934623488356883,2000
Age group,65+,Calibration gap,0.013505695280185387,-0.016347786894137774,0.04181992192731792,2000
Sex,Female,Prevalence,0.17138599105812222,0.1496294903926483,0.19086441412625288,2000
Sex,Female,PR-AUC,0.4387248179075795,0.37826899022642,0.5075672961286458,2000
Sex,Female,PR-AUC skill,0.3226337280863055,0.25456762065672567,0.40123098225619336,2000
Sex,Female,ROC-AUC,0.7865538004379105,0.7548042859015781,0.8189857824313473,2000
Sex,Female,Recall,0.808695652173913,0.7562944795142937,0.8591549295774648,2000
Sex,Female,Specificity,0.591726618705036,0.562556998829884,0.6196157277072148,2000
Sex,Female,Precision,0.290625,0.2556293803976824,0.32461538461538464,2000
Sex,Female,NPV,0.9373219373219374,0.9199972375690608,0.9547526153318471,2000
Sex,Female,False-negative rate,0.19130434782608696,0.14084507042253522,0.2437055204857062,2000
Sex,Female,False-positive rate,0.40827338129496404,0.38038427229278515,0.4374430011701159,2000
Sex,Female,Share flagged,0.47690014903129657,0.44891442825620564,0.5038559237866087,2000
Sex,Female,Brier score,0.11826782116811689,0.10626513873234307,0.12937448346832423,2000
Sex,Female,Brier skill,0.16720328322561595,0.12334392489496539,0.20840983306848007,2000
Sex,Female,Mean predicted probability,0.16990086632533477,0.16200809272532685,0.17754146887763306,2000
Sex,Female,Calibration gap,-0.0014851247327874462,-0.01936954121812287,0.01746234284898186,2000
Sex,Male,Prevalence,0.19523443504996157,0.17411585092052087,0.21672152644619716,2000
Sex,Male,PR-AUC,0.46173569321401026,0.39989044743217594,0.5278416483527737,2000
Sex,Male,PR-AUC skill,0.33115390341110534,0.2595596837327954,0.40528088422450165,2000
Sex,Male,ROC-AUC,0.7660826959667291,0.7319143070056408,0.7957221622938986,2000
Sex,Male,Recall,0.8267716535433071,0.7782097510312747,0.871903305785124,2000
Sex,Male,Specificity,0.5148042024832856,0.48329691924616736,0.5453767508100763,2000
Sex,Male,Precision,0.2924791086350975,0.25910111967224564,0.3247984649500105,2000
Sex,Male,NPV,0.9245283018867925,0.9012330169365346,0.9447259289759836,2000
Sex,Male,False-negative rate,0.1732283464566929,0.12809669421487602,0.2217902489687253,2000
Sex,Male,False-positive rate,0.48519579751671443,0.4546232491899237,0.5167030807538325,2000
Sex,Male,Share flagged,0.5518831667947732,0.525282643243087,0.5791142290960432,2000
Sex,Male,Brier score,0.13208476261636157,0.12141164599133394,0.14387239445169114,2000
Sex,Male,Brier skill,0.15932735716890323,0.11280246465501809,0.1997198543969285,2000
Sex,Male,Mean predicted probability,0.19376546093670166,0.18554040944264674,0.20251339463300602,2000
Sex,Male,Calibration gap,-0.0014689741132599132,-0.02115841399936402,0.01851326490502771,2000
Race/ethnicity,Mexican American,Prevalence,0.16045845272206305,0.12221153846153845,0.2,2000
Race/ethnicity,Mexican American,PR-AUC,0.3374246823947165,0.23918542534115653,0.4748895399034367,2000
Race/ethnicity,Mexican American,PR-AUC skill,0.21078912681145412,0.11373785772311464,0.3610652976430576,2000
Race/ethnicity,Mexican American,ROC-AUC,0.7116345685031692,0.6336796140132951,0.7844309879734741,2000
Race/ethnicity,Mexican American,Recall,0.7678571428571429,0.6491228070175439,0.8727272727272727,2000
Race/ethnicity,Mexican American,Specificity,0.5085324232081911,0.45090755007704164,0.5633802816901409,2000
Race/ethnicity,Mexican American,Precision,0.22994652406417113,0.16853779921836834,0.2910117121282169,2000
Race/ethnicity,Mexican American,NPV,0.9197530864197531,0.8732394366197183,0.9589110986860496,2000
Race/ethnicity,Mexican American,False-negative rate,0.23214285714285715,0.12727272727272726,0.3508771929824561,2000
Race/ethnicity,Mexican American,False-positive rate,0.49146757679180886,0.43661971830985913,0.5490924499229584,2000
Race/ethnicity,Mexican American,Share flagged,0.5358166189111748,0.4831747810675563,0.587397001926408,2000
Race/ethnicity,Mexican American,Brier score,0.12438593934348349,0.10281830858844496,0.14823563682802746,2000
Race/ethnicity,Mexican American,Brier skill,0.07664969539397659,-0.03338236107411471,0.15688233303900784,2000
Race/ethnicity,Mexican American,Mean predicted probability,0.18731867238731903,0.17258067743029776,0.20139883718228754,2000
Race/ethnicity,Mexican American,Calibration gap,0.02686021966525598,-0.011699254596924539,0.06296306760113309,2000
Race/ethnicity,Other Hispanic,Prevalence,0.1638655462184874,0.11764066496163683,0.21055595068752947,2000
Race/ethnicity,Other Hispanic,PR-AUC,0.308042694415741,0.20191753266908355,0.4490408359401255,2000
Race/ethnicity,Other Hispanic,PR-AUC skill,0.1724329712107857,0.07091725928947189,0.32897291629435466,2000
Race/ethnicity,Other Hispanic,ROC-AUC,0.6886354851178972,0.5984674026139973,0.7740258337189914,2000
Race/ethnicity,Other Hispanic,Recall,0.717948717948718,0.5675675675675675,0.8571428571428571,2000
Race/ethnicity,Other Hispanic,Specificity,0.5175879396984925,0.4502611597727103,0.5894804318488528,2000
Race/ethnicity,Other Hispanic,Precision,0.22580645161290322,0.1571321961620469,0.3050912149049036,2000
Race/ethnicity,Other Hispanic,NPV,0.9035087719298246,0.8484848484848485,0.9565217391304348,2000
Race/ethnicity,Other Hispanic,False-negative rate,0.28205128205128205,0.14285714285714285,0.43243243243243246,2000
Race/ethnicity,Other Hispanic,False-positive rate,0.4824120603015075,0.4105195681511471,0.5497388402272896,2000
Race/ethnicity,Other Hispanic,Share flagged,0.5210084033613446,0.458506146240117,0.5829596412556054,2000
Race/ethnicity,Other Hispanic,Brier score,0.13084581911556148,0.10305207683303376,0.15980266074019836,2000
Race/ethnicity,Other Hispanic,Brier skill,0.04501603169928303,-0.07779402369798995,0.13757639549818196,2000
Race/ethnicity,Other Hispanic,Mean predicted probability,0.17854118708778316,0.1615629193318843,0.19625560194067918,2000
Race/ethnicity,Other Hispanic,Calibration gap,0.014675640869295764,-0.031890055882705735,0.06101280027607447,2000
Race/ethnicity,Non-Hispanic White,Prevalence,0.15725359911406422,0.13407228527486154,0.18111173633440514,2000
Race/ethnicity,Non-Hispanic White,PR-AUC,0.5526726019616887,0.4719031522307263,0.6374658244982091,2000
Race/ethnicity,Non-Hispanic White,PR-AUC skill,0.4692028378073651,0.3773310053184217,0.5633083294355382,2000
Race/ethnicity,Non-Hispanic White,ROC-AUC,0.8475412263330311,0.8109361935186257,0.8810666154794936,2000
Race/ethnicity,Non-Hispanic White,Recall,0.8309859154929577,0.7681065918653576,0.8906419836956521,2000
Race/ethnicity,Non-Hispanic White,Specificity,0.6754270696452037,0.641824954119579,0.7094262708784775,2000
Race/ethnicity,Non-Hispanic White,Precision,0.3232876712328767,0.2785515320334262,0.37151211424132885,2000
Race/ethnicity,Non-Hispanic White,NPV,0.9553903345724907,0.9369202226345084,0.972027972027972,2000
Race/ethnicity,Non-Hispanic White,False-negative rate,0.16901408450704225,0.10935801630434783,0.23189340813464232,2000
Race/ethnicity,Non-Hispanic White,False-positive rate,0.32457293035479634,0.2905737291215225,0.3581750458804211,2000
Race/ethnicity,Non-Hispanic White,Share flagged,0.40420819490586934,0.3707858597805375,0.4362223027541934,2000
Race/ethnicity,Non-Hispanic White,Brier score,0.09885998613887154,0.08588494760539254,0.11205486012104642,2000
Race/ethnicity,Non-Hispanic White,Brier skill,0.25402711001544387,0.19924685555145083,0.30495193981712093,2000
Race/ethnicity,Non-Hispanic White,Mean predicted probability,0.1552928352272653,0.14529311047041624,0.1648519162667913,2000
Race/ethnicity,Non-Hispanic White,Calibration gap,-0.0019607638867989163,-0.022908121271502397,0.01775258077912177,2000
Race/ethnicity,Non-Hispanic Black,Prevalence,0.25685425685425683,0.22455079380986978,0.2903294733939895,2000
Race/ethnicity,Non-Hispanic Black,PR-AUC,0.5010927552604296,0.42778176869512724,0.5794008728171348,2000
Race/ethnicity,Non-Hispanic Black,PR-AUC skill,0.3286549114475296,0.24518930724263016,0.42117286200469956,2000
Race/ethnicity,Non-Hispanic Black,ROC-AUC,0.7617377549907277,0.7230762104382328,0.7995968697838789,2000
Race/ethnicity,Non-Hispanic Black,Recall,0.9269662921348315,0.8875739644970414,0.9625709967781578,2000
Race/ethnicity,Non-Hispanic Black,Specificity,0.36699029126213595,0.32432432432432434,0.4090063535301755,2000
Race/ethnicity,Non-Hispanic Black,Precision,0.3360488798370672,0.29494949494949496,0.37685503041578067,2000
Race/ethnicity,Non-Hispanic Black,NPV,0.9356435643564357,0.9015524898542586,0.9677456348031962,2000
Race/ethnicity,Non-Hispanic Black,False-negative rate,0.07303370786516854,0.037429003221842096,0.11242603550295859,2000
Race/ethnicity,Non-Hispanic Black,False-positive rate,0.6330097087378641,0.5909936464698244,0.6756756756756757,2000
Race/ethnicity,Non-Hispanic Black,Share flagged,0.7085137085137085,0.6747833705066424,0.7443189843348741,2000
Race/ethnicity,Non-Hispanic Black,Brier score,0.161856918165152,0.14665899161840357,0.17814807797010884,2000
Race/ethnicity,Non-Hispanic Black,Brier skill,0.152049491743252,0.09986661060899228,0.19753545552100343,2000
Race/ethnicity,Non-Hispanic Black,Mean predicted probability,0.2360591337939543,0.22432806095155933,0.24760875800713658,2000
Race/ethnicity,Non-Hispanic Black,Calibration gap,-0.02079512306030254,-0.05054346341661316,0.008927803778853258,2000
Race/ethnicity,Non-Hispanic Asian,Prevalence,0.1598639455782313,0.12075003345376689,0.20068056634418474,2000
Race/ethnicity,Non-Hispanic Asian,PR-AUC,0.33355661807471143,0.22358874273120985,0.4652044469977518,2000
Race/ethnicity,Non-Hispanic Asian,PR-AUC skill,0.2067435049148387,0.08550160526903022,0.35970369835779886,2000
Race/ethnicity,Non-Hispanic Asian,ROC-AUC,0.6314066672409337,0.5446192720109244,0.7215715481341192,2000
Race/ethnicity,Non-Hispanic Asian,Recall,0.46808510638297873,0.32073584905660374,0.625,2000
Race/ethnicity,Non-Hispanic Asian,Specificity,0.7004048582995951,0.6419739608604237,0.7564591689395155,2000
Race/ethnicity,Non-Hispanic Asian,Precision,0.22916666666666666,0.14953002470727253,0.3211091087811271,2000
Race/ethnicity,Non-Hispanic Asian,NPV,0.8737373737373737,0.8274034584183311,0.9204039327173655,2000
Race/ethnicity,Non-Hispanic Asian,False-negative rate,0.5319148936170213,0.375,0.6792641509433961,2000
Race/ethnicity,Non-Hispanic Asian,False-positive rate,0.29959514170040485,0.24354083106048452,0.35802603913957626,2000
Race/ethnicity,Non-Hispanic Asian,Share flagged,0.32653061224489793,0.27457306314495,0.38168601569126376,2000
Race/ethnicity,Non-Hispanic Asian,Brier score,0.12890118661289449,0.10014457745054604,0.1577414570502628,2000
Race/ethnicity,Non-Hispanic Asian,Brier skill,0.04025299628976242,-0.02676262330028764,0.11080546841134077,2000
Race/ethnicity,Non-Hispanic Asian,Mean predicted probability,0.119438739582964,0.11004842315319702,0.12955734071689629,2000
Race/ethnicity,Non-Hispanic Asian,Calibration gap,-0.040425205995267305,-0.08058337121772663,-0.0021713499893682305,2000
Race/ethnicity,Other or multiracial,Prevalence,0.13253012048192772,0.08241758241758242,0.19101123595505617,2000
Race/ethnicity,Other or multiracial,PR-AUC,0.4145947276946198,0.2551342258061865,0.6440415157897424,2000
Race/ethnicity,Other or multiracial,PR-AUC skill,0.32515781109240893,0.16656582727041638,0.5907213370070512,2000
Race/ethnicity,Other or multiracial,ROC-AUC,0.8112373737373737,0.7171572736578707,0.8945280770412167,2000
Race/ethnicity,Other or multiracial,Recall,0.9090909090909091,0.7727272727272727,1.0,2000
Race/ethnicity,Other or multiracial,Specificity,0.4791666666666667,0.4015137690776377,0.5637715723873441,2000
Race/ethnicity,Other or multiracial,Precision,0.21052631578947367,0.13043478260869565,0.298096264367816,2000
Race/ethnicity,Other or multiracial,NPV,0.971830985915493,0.927536231884058,1.0,2000
Race/ethnicity,Other or multiracial,False-negative rate,0.09090909090909091,0.0,0.22727272727272727,2000
Race/ethnicity,Other or multiracial,False-positive rate,0.5208333333333334,0.4362284276126558,0.5984862309223623,2000
Race/ethnicity,Other or multiracial,Share flagged,0.572289156626506,0.49684775536759923,0.6463414634146342,2000
Race/ethnicity,Other or multiracial,Brier score,0.10042972141613002,0.07507690008573294,0.12952357811623844,2000
Race/ethnicity,Other or multiracial,Brier skill,0.12643895096500046,-0.13938019034526364,0.28770791935211104,2000
Race/ethnicity,Other or multiracial,Mean predicted probability,0.20057475138770525,0.17636954855724585,0.22499623860535153,2000
Race/ethnicity,Other or multiracial,Calibration gap,0.06804463090577753,0.0167233644455717,0.11612699884780163,2000
Income group,Below poverty (<1.00),Prevalence,0.2664233576642336,0.2309124767225326,0.3025445106747701,2000
Income group,Below poverty (<1.00),PR-AUC,0.53839839892355,0.4595266523190433,0.6233852925738869,2000
Income group,Below poverty (<1.00),PR-AUC skill,0.37075204629379455,0.27791837994600355,0.47951112327697565,2000
Income group,Below poverty (<1.00),ROC-AUC,0.7493355142097731,0.7055571866385514,0.793956618122552,2000
Income group,Below poverty (<1.00),Recall,0.8972602739726028,0.8523489932885906,0.9432657567242072,2000
Income group,Below poverty (<1.00),Specificity,0.32587064676616917,0.2811057041979045,0.3713609570041609,2000
Income group,Below poverty (<1.00),Precision,0.32587064676616917,0.2802827406565917,0.36977612937717186,2000
Income group,Below poverty (<1.00),NPV,0.8972602739726028,0.8496163353589453,0.9426898405384649,2000
Income group,Below poverty (<1.00),False-negative rate,0.10273972602739725,0.05673424327579285,0.1476510067114094,2000
Income group,Below poverty (<1.00),False-positive rate,0.6741293532338308,0.6286390429958392,0.7188942958020955,2000
Income group,Below poverty (<1.00),Share flagged,0.7335766423357665,0.6969117953660695,0.7699145878942987,2000
Income group,Below poverty (<1.00),Brier score,0.1641577549610921,0.1465634387597041,0.18151639479077053,2000
Income group,Below poverty (<1.00),Brier skill,0.1600689966974067,0.10564781249900797,0.2139662765310432,2000
Income group,Below poverty (<1.00),Mean predicted probability,0.24930760821760087,0.23605830271393707,0.2623337179833902,2000
Income group,Below poverty (<1.00),Calibration gap,-0.017115749446632716,-0.050614140422224854,0.016623043483392545,2000
Income group,Near poverty (1.00–1.99),Prevalence,0.2192,0.18668411330049262,0.25124004709235676,2000
Income group,Near poverty (1.00–1.99),PR-AUC,0.4595357622593843,0.385123868628489,0.5479958355424468,2000
Income group,Near poverty (1.00–1.99),PR-AUC skill,0.30780707256580986,0.2231362367011458,0.4145892001367229,2000
Income group,Near poverty (1.00–1.99),ROC-AUC,0.749326911571138,0.7035737114192563,0.7941351272140139,2000
Income group,Near poverty (1.00–1.99),Recall,0.8540145985401459,0.7941034155597723,0.9109627092846271,2000
Income group,Near poverty (1.00–1.99),Specificity,0.45901639344262296,0.4176954732510288,0.5,2000
Income group,Near poverty (1.00–1.99),Precision,0.30708661417322836,0.2619632361760825,0.35343305223795163,2000
Income group,Near poverty (1.00–1.99),NPV,0.9180327868852459,0.8816274098572235,0.951420125202875,2000
Income group,Near poverty (1.00–1.99),False-negative rate,0.145985401459854,0.0890372907153729,0.20589658444022763,2000
Income group,Near poverty (1.00–1.99),False-positive rate,0.5409836065573771,0.5,0.5823045267489712,2000
Income group,Near poverty (1.00–1.99),Share flagged,0.6096,0.573263963256467,0.6465816902352763,2000
Income group,Near poverty (1.00–1.99),Brier score,0.14729404252809492,0.130305869599851,0.16465508082341598,2000
Income group,Near poverty (1.00–1.99),Brier skill,0.1393930931773203,0.08260084767846193,0.19384461056216076,2000
Income group,Near poverty (1.00–1.99),Mean predicted probability,0.21070189706101433,0.19921295746617335,0.222118648066781,2000
Income group,Near poverty (1.00–1.99),Calibration gap,-0.008498102938985674,-0.037575426511693655,0.02051910711062975,2000
Income group,Middle income (2.00–3.99),Prevalence,0.14715719063545152,0.1182428271867927,0.17602146733637078,2000
Income group,Middle income (2.00–3.99),PR-AUC,0.4238551036494074,0.32850745759618183,0.5350437085748434,2000
Income group,Middle income (2.00–3.99),PR-AUC skill,0.32444186663205027,0.22470825566706962,0.4508737341832828,2000
Income group,Middle income (2.00–3.99),ROC-AUC,0.7819741532976827,0.7263332349581599,0.8344866145821674,2000
Income group,Middle income (2.00–3.99),Recall,0.7840909090909091,0.6896360153256705,0.8648724567263893,2000
Income group,Middle income (2.00–3.99),Specificity,0.6058823529411764,0.5640429973131993,0.6485971904860822,2000
Income group,Middle income (2.00–3.99),Precision,0.25555555555555554,0.20228797148630445,0.30657443219821445,2000
Income group,Middle income (2.00–3.99),NPV,0.9420731707317073,0.9142011834319527,0.9651898734177216,2000
Income group,Middle income (2.00–3.99),False-negative rate,0.2159090909090909,0.1351275432736107,0.3103639846743294,2000
Income group,Middle income (2.00–3.99),False-positive rate,0.3941176470588235,0.3514028095139177,0.4359570026868006,2000
Income group,Middle income (2.00–3.99),Share flagged,0.451505016722408,0.41185661764705883,0.4907369983136593,2000
Income group,Middle income (2.00–3.99),Brier score,0.10520579977907553,0.08908376718483844,0.12221673093314517,2000
Income group,Middle income (2.00–3.99),Brier skill,0.16171981229508636,0.0911563723658909,0.22461704172590172,2000
Income group,Middle income (2.00–3.99),Mean predicted probability,0.15874752262774597,0.14852818332892875,0.16956569995572868,2000
Income group,Middle income (2.00–3.99),Calibration gap,0.01159033199229445,-0.014431395185814946,0.038330873168798685,2000
Income group,Higher income (4.00+),Prevalence,0.0782122905027933,0.057468517175446696,0.10212023742929952,2000
Income group,Higher income (4.00+),PR-AUC,0.1697174969183735,0.11532862590746917,0.2681923231094335,2000
Income group,Higher income (4.00+),PR-AUC skill,0.09926928453569006,0.052836951007252005,0.20118908299444954,2000
Income group,Higher income (4.00+),ROC-AUC,0.7324675324675325,0.661805338496615,0.8003516605619301,2000
Income group,Higher income (4.00+),Recall,0.38095238095238093,0.23684210526315788,0.5263157894736842,2000
Income group,Higher income (4.00+),Specificity,0.8404040404040404,0.8058396542563205,0.8728009034877553,2000
Income group,Higher income (4.00+),Precision,0.16842105263157894,0.09803388746803068,0.24530478955007246,2000
Income group,Higher income (4.00+),NPV,0.9411764705882353,0.9178049023184849,0.9612780705270465,2000
Income group,Higher income (4.00+),False-negative rate,0.6190476190476191,0.47368421052631576,0.7631578947368421,2000
Income group,Higher income (4.00+),False-positive rate,0.1595959595959596,0.12719909651224462,0.1941603457436794,2000
Income group,Higher income (4.00+),Share flagged,0.17690875232774675,0.14444054776219103,0.21082603853356788,2000
Income group,Higher income (4.00+),Brier score,0.06999480299250452,0.05379940478884373,0.08823029789667,2000
Income group,Higher income (4.00+),Brier skill,0.029132691479291206,-0.028037486296778453,0.07664874822838046,2000
Income group,Higher income (4.00+),Mean predicted probability,0.08208769427204415,0.07659288675936994,0.08782740683874148,2000
Income group,Higher income (4.00+),Calibration gap,0.003875403769250857,-0.01929265898112844,0.024343191362967656,2000
Income group,Income not reported,Prevalence,0.21194029850746268,0.1676807977926148,0.2553873626373626,2000
Income group,Income not reported,PR-AUC,0.4470430691043138,0.3402535641024041,0.5718984603652658,2000
Income group,Income not reported,PR-AUC skill,0.2983311672346406,0.1897482423727204,0.44736130793435697,2000
Income group,Income not reported,ROC-AUC,0.7596297481860862,0.6938563759833926,0.8182517798230826,2000
Income group,Income not reported,Recall,0.8873239436619719,0.8064395763119884,0.9571428571428572,2000
Income group,Income not reported,Specificity,0.4431818181818182,0.38202247191011235,0.5000457875457873,2000
Income group,Income not reported,Precision,0.3,0.23589519650655022,0.36058076484018264,2000
Income group,Income not reported,NPV,0.936,0.8910227272727274,0.9763871085881707,2000
Income group,Income not reported,False-negative rate,0.11267605633802817,0.04285714285714286,0.1935604236880115,2000
Income group,Income not reported,False-positive rate,0.5568181818181818,0.49995421245421245,0.6179775280898876,2000
Income group,Income not reported,Share flagged,0.6268656716417911,0.5761124853261781,0.6788998496517443,2000
Income group,Income not reported,Brier score,0.143403547456416,0.12071998571379225,0.16567093937376354,2000
Income group,Income not reported,Brier skill,0.1414072176004969,0.043904387806694985,0.2207332198216425,2000
Income group,Income not reported,Mean predicted probability,0.2172371998966839,0.2003485539514632,0.2342703282175703,2000
Income group,Income not reported,Calibration gap,0.005296901389221231,-0.03580831165265525,0.04640343555766813,2000
